"Barcode","Product","Name",
191970116713,,"Hip Hop",
191970131716,,"Tuff & Fluffy",
514677002002,,"Ft. Dew",
514677002163,,"Unicorn",
514677302188,,"Waffle Cone",
705108306602,,"Bursting Bouquet",
705108308507,,"Ballerina Ball",
705108308804,,"Snow Cone",
705108309009,,"Koi Pond",
705108309306,,"Light House",
705108309726,,"Snow Cone Jr",
705108311200,,"180 Degrees",
705108320745,,"Expresso Coffee",
705108321346,,"Hand Held Snowcone",
705108321407,,"Poopy Puppy",
705108321506,,"Grand Cannon",
705108321803,,"Dragon Throne",
705108321902,,"Hoot Hoot Horay",
705108322503,,"Rainbow Cupcake",
705108501564,,"Fire Lolipop",
705108502066,,"Pyro Mon",
705108502363,,"Wood Pecker",
705108602704,,"Ocean Theatre",
705108602902,,"The Martian",
805253354616,,"Dragon",
805253406513,,"Step On The Gas",
811451015150,,"Dragon Fire",
851866112631,,"Slime Blaster",
851866134732,,"Giggles",
851866136392,,"Diva Lamp",
8052531137719,,"Frog Prince",
8107880228516,,"Daddy's Shoes",
2736007837,,"Crickets",
2736012183,,"Zombies",
2736021116,,"Ferris Wheel",
2736027651,,"Jumbo Purple Rain",
2736036431,,"Monster Parade",
705108556809,,"Operation Hang Time",
705108560103,,"Ghost Fleet",
705108560707,,"Poppin Pineapple",
705108561100,,"Titan Strong",
705108802661,,"Pool Party",
705108802968,,"V Day",
805253154025,,"Trigger Happy",
851866127680,,"Husker Don'ts",
851866127697,,"Husker Do's",
191970111114,,"Show of Force",
191970119110,,"Dude",
705108543403,,"Angry Pandas",
705108545216,,"Neon Blast",
705108547203,,"Color Cascade",
705108554201,,"Pyro Tusmnani",
705108557707,,"To The Moon",
705108558100,,"Fish Tank",
705108560301,,"Country Roots",
705108560806,,"Bulldog Bash",
705108804160,,"Traffic Jam",
8107880273219,,"Cheers",
705108551507,,"Zero To Hero",
705108552702,,"Man Cave",
705108554409,,"Sprinkle Donuts",
705108555901,,"Double Scoop",
705108556601,,"Ticket To Ride",
705108557202,,"Neon Moon",
705108560509,,"Big Mama",
705108561001,,"Fierce Royalty",
705108804962,,"Porcupine Planet","Party Bus"
851866136514,,"Trumptastic",
8107880271116,,"Masquerade",
8107880275718,,"2nd Amendment",
705108538508,,"Dreamcatcher",
705108548217,,"Rainbow",
705108550210,,"Make American Great Again",
705108552504,,"Gender Reveal",
705108555505,,"Party Bus",
705108559008,,"Garage Band","Party Bus"
705108560202,,"Dripping Donut",
705108531707,,"Amazing Ballet",
705108534500,,"USA Conqueror",
705108555703,,"Chameleon 500",
705108557301,,"Report To Duty",
705108557905,,"Hammer Down",
705108559206,,"Shaken Not Stirred",
705108955893,,"VIP",
705108955930,,"Bubble Gatling",
705108955978,,"Space Explorer",
705108955992,,"Born Leaders",
705108956005,,"Trump Train",
8143270162114,,"Fire Over Water",
8107880250012,,"25 Gun Salute",
8107880275718,,"2nd Amendment",
705108538805,,"Addict to Loud",
191970128310,,"Back Street Diva",
8143270160813,,"Batter Up",
8107880250517,,"Beach Nut",
705108601462,,"Beach Vibes",
191970114917,,"Booty Chaser",
705108556700,,"Carlonia Reaper",
705108555307,,"Chactoic Incident",
8107880273219,,"Cheers",
191970116317,,"Cosmic Titan",
8052531317715,,"Crazy Exciting on Steroids",
8143270150913,,"Desert at Night",
705108553600,,"Disco Ball",
191970113613,,"Doomsday Machine",
705108555901,,"Double Scoop",
8143270157011,,"eye Candy",
191970111619,,"F1-Outlaw",
705108558100,,"Fish Tank",
705108518708,,"Flabbergster",
191970110810,,"For Our Flag",
8052531338918,,"In Honor of",
705108514915,,"Killer Cake",
191970115013,,"Loyal To All",
27736033485,,"Meow",
191970115716,,"Neon Streak",
705108556809,,"Operation Hang Time",
191970108312,,"Our Baby Reveal",
705108548408,,"Pandaminoum",
27736046126,,"Pit Bull",
805253390119,,"Poser",
191970111817,,"Pulling g's",
27736010301,,"Purple People Eater",
,,"Pyro Gal",
27736042784,,"Red Palm",
705108804764,,"Road Rage",
191970101610,,"Road Show",
705108533107,,"Road to America",
705108515905,,"Rowdy Party",
,,"Salute",
191970102013,,"Search and Destroy",
8107880271017,,"Side Arm Showdown",
705108521005,,"Sky Smoker",
191970111718,,"Sling Shot",
27736035816,,"Sniper Fire",
191970125418,,"Sorcerer Stone",
705108539000,,"Swamp Gator",
705108554508,,"Temple of Gods",
805253154025,,"Trigger Happy",
191970110919,,"Urban Jedi",
705108802968,,"V Day",
191970113811,,"Warrior's Releam",
705108515301,,"Winter Ballistic",
705108547005,,"Yin Yang",
