]633;E;echo "filename,barcode";6e18f903-f592-4e13-a0ff-b03a629f3282]633;Cfilename,barcode
25gun.mp4,
addictedtoloud.mp4,
AI.mp4,
angrypandas.mp4,
ballerianasball.mp4,
bigmomma.mp4,
bornleaders.mp4,
bubblegatling.mp4,
bulldog.mp4,
burstingboq.mp4,
chameleon5000.mp4,
chaoricincident.mp4,
countryroots.mp4,
cracklingsilver.mp4,
drippingdonut.mp4,
eyecandymulti.mp4,
ferriswheel.mp4,
fierceroyalty.mp4,
fireoverwater.mp4,
frogprince.mp4,
garageband.mp4,
genderreveal.mp4,
ghostfleet.mp4,
handheldsnowcone.mp4,
hiphop.mp4,
huskerdonts.mp4,
huskerdos.mp4,
neonmoon.mp4,
oceantheatre.mp4,
poopypuppy.mp4,
poppinpineapple.mp4,
PORCUPINEPLANET.mp4,
pullings.mp4,
PurpleRain.mp4,
pyrotsumami.mp4,
roadroamerica.mp4,
Salute.mp4,
shakennotstirred.mp4,
slimeblaster.mp4,
Sorcerers Stone.mp4,
spaceexplorer.mp4,
themartian.mp4,
titanstrong.mp4,
trumptastic.mp4,
trumptrain.mp4,
tuffandfluffy.mp4,
usaconqueror.mp4,
wafflecone.mp4,
warriorsrealm.mp4,
zombies.mp4,
