filename,barcode
addictedtoloud.mp4,705108538805
angrypandas.mp4,705108543403
ballerianasball.mp4,705108308507
bornleaders.mp4,705108955992
bubblegatling.mp4,705108955930
chameleon5000.mp4,705108555703
chaoricincident.mp4,705108555307
countryroots.mp4,705108560301
dreamcatcher.mp4,705108538508
drippingdonut.mp4,705108560202
ferriswheel.mp4,02736021116
fierceroyalty.mp4,705108561001
fireoverwater.mp4,8143270162114
frogprince.mp4,8052531137719
garageband.mp4,705108559008
genderreveal.mp4,705108552504
ghostfleet.mp4,705108560103
handheldsnowcone.mp4,705108321346
hiphop.mp4,191970116713
huskerdonts.mp4,851866127680
huskerdos.mp4,851866127697
neonmoon.mp4,705108557202
oceantheatre.mp4,705108602704
poopypuppy.mp4,705108321407
poppinpineapple.mp4,705108560707
PORCUPINEPLANET.mp4,705108804962
pullings.mp4,191970111817
roadroamerica.mp4,705108533107
shakennotstirred.mp4,705108559206
slimeblaster.mp4,851866112631
"Sorcerers Stone.mp4",191970125418
spaceexplorer.mp4,705108955978
themartian.mp4,705108602902
titanstrong.mp4,705108561100
triggerhappy.mp4,805253154025
trumptastic.mp4,851866136514
trumptrain.mp4,705108956005
usaconqueror.mp4,705108534500
wafflecone.mp4,514677302188
zombies.mp4,02736012183
