"1001","715244964017","1000 gram display.mp4","NULL","NULL","2024-12-20 22:50:42","1"
"1002","705108801664","1 Minute Ride.mp4","NULL","NULL","2024-12-03 15:18:15","1"
"1003","652009004079","28 shot finale.mp4","NULL","NULL","2024-10-09 10:20:25","1"
"1004","715244064335","2 minute finale.mp4","NULL","NULL","2024-10-09 09:54:20","0"
"1005","8052531544715","9 mm.mp4","NULL","NULL","NULL","0"
"1006","810000100217","academic pyro.mp4","NULL","NULL","2024-10-02 14:36:09","1"
"1007","805253365216","air show.mp4","NULL","NULL","NULL","0"
"1008","805253365810","alpha male.mp4","NULL","NULL","NULL","0"
"1009","805253334519","american born.mp4","NULL","NULL","NULL","0"
"1010","027736037469","american dog fight.mp4","NULL","NULL","2024-09-18 16:15:59","0"
"1011","8052531545316","american riders.mp4","NULL","NULL","2024-09-18 16:27:38","1"
"1012","8052531322511","american trucker.mp4","NULL","NULL","2024-09-18 16:16:08","0"
"1013","805253365711","america praying.mp4","NULL","NULL","NULL","0"
"1014","805253301870","americas glory.mp4","NULL","NULL","NULL","0"
"1015","8052531545613","americas pastime.mp4","NULL","NULL","NULL","0"
"1016","652009961044","ammo crate.mp4","NULL","NULL","NULL","0"
"1017","805253334618","angry leprechaun.mp4","NULL","NULL","NULL","0"
"1018","027736034208","apocalyptic warrior.mp4","NULL","NULL","NULL","0"
"1019","805253310223","armed forces 1.mp4","NULL","NULL","NULL","0"
"1020","805253310230","armed forces 2.mp4","NULL","NULL","NULL","0"
"1021","805253310247","armed forces 3.mp4","NULL","NULL","NULL","0"
"1022","805253310254","armed forces 4.mp4","NULL","NULL","NULL","0"
"1023","805253310261","armed forces 5.mp4","NULL","NULL","NULL","0"
"1024","8143270160417","atomizer.mp4","NULL","NULL","NULL","0"
"1025","805253365315","baby dino.mp4","NULL","NULL","NULL","0"
"1026","805253366015","bad boy.mp4","NULL","NULL","NULL","0"
"1027","8143270160813","batter up.mp4","NULL","NULL","NULL","0"
"1028","19197011581","battle ready.mp4","NULL","NULL","NULL","0"
"1029","805253312517","beauty and beast.mp4","NULL","NULL","NULL","0"
"1030","805253300385","bent rail.mp4","NULL","NULL","2024-10-09 10:37:07","1"
"1031","8143270166211","big bad wolf.mp4","NULL","NULL","NULL","0"
"1032","8143270195716","big red.mp4","NULL","NULL","NULL","0"
"1033","8052531343219","bite your tushy.mp4","NULL","NULL","NULL","0"
"1034","8052531527015","black ops.mp4","NULL","NULL","NULL","0"
"1035","805253393417","blaze and ice.mp4","NULL","NULL","NULL","0"
"1036","027736021642","blue hawaii.mp4","NULL","NULL","NULL","0"
"1037","715244063796","blue.mp4","NULL","NULL","2024-10-02 14:36:49","1"
"1038","027736030040","bond.mp4","NULL","NULL","NULL","0"
"1039","027736038800","bone breaker.mp4","NULL","NULL","NULL","0"
"1040","8143270161315","born to ride1.mp4","NULL","NULL","NULL","0"
"1041","805253312418","call me wayne.mp4","NULL","NULL","NULL","0"
"1042","8052531530510","captain jake.mp4","NULL","NULL","NULL","0"
"1043","8052531514213","chaos.mp4","NULL","NULL","NULL","0"
"1044","8143270168611","cherry drop.mp4","NULL","NULL","NULL","0"
"1045","8052531511410","chicken on a chain.mp4","NULL","NULL","NULL","0"
"1046","805253351813","civil war.mp4","NULL","NULL","NULL","0"
"1047","8143270195617","clocked out.mp4","NULL","NULL","NULL","0"
"1048","715244064489","color fiesta.mp4","NULL","NULL","NULL","0"
"1049","274612064305","color war.mp4","NULL","NULL","NULL","0"
"1050","027736030170","colossus.mp4","NULL","NULL","NULL","0"
"1051","805253153090","come on.mp4","NULL","NULL","NULL","0"
"1052","652009961051","contraband.mp4","NULL","NULL","NULL","0"
"1053","027736022670","corruption.mp4","NULL","NULL","NULL","0"
"1054","805253300415","country boy.mp4","NULL","NULL","NULL","0"
"1055","8052531540519","courtesy of the red white and blue.mp4","NULL","NULL","NULL","0"
"1056","027736026494","crack me up.mp4","NULL","NULL","NULL","0"
"1057","8052531503910","crazy exciting on steroids.mp4","NULL","NULL","NULL","0"
"1058","027736031764","crisis alaert.mp4","NULL","NULL","NULL","0"
"1059","027736030057","dark revenge.mp4","NULL","NULL","NULL","0"
"1060","8052531544616","deadly catch.mp4","NULL","NULL","2024-10-09 10:37:35","1"
"1061","027736019922","demolition.mp4","NULL","NULL","NULL","0"
"1062","027736040940","diversion.mp4","NULL","NULL","NULL","0"
"1063","027736034161","dragons nest.mp4","NULL","NULL","NULL","0"
"1064","805253310919","dr jekyll.mp4","NULL","NULL","NULL","0"
"1065","8143270195211","el toro.mp4","NULL","NULL","NULL","0"
"1066","027736034437","envy.mp4","NULL","NULL","NULL","0"
"1067","500g78","epic explosions.mp4","NULL","NULL","NULL","0"
"1068","805253300187","evil clown.mp4","NULL","NULL","NULL","0"
"1069","8052531318712","extreme machine.mp4","NULL","NULL","NULL","0"
"1070","8107880274117","eye in the sky.mp4","NULL","NULL","NULL","0"
"1071","027736037520","fan of freedom.mp4","NULL","NULL","NULL","0"
"1072","8052531539117","feel the heat.mp4","NULL","NULL","NULL","0"
"1073","8052531513711","fighting rooster.mp4","NULL","NULL","NULL","0"
"1074","805253330511","fire and fury.mp4","NULL","NULL","NULL","0"
"1075","191970108718","Firearm Series Revolver.mp4","NULL","NULL","NULL","0"
"1076","191970108411","Firearm Series Rifle.mp4","NULL","NULL","NULL","0"
"1077","191970108619","Firearm Series Semiauto.mp4","NULL","NULL","NULL","0"
"1078","191970108510","firearm series shotgun1.mp4","NULL","NULL","NULL","0"
"1079","027736044238","flawless.mp4","NULL","NULL","NULL","0"
"1080","805253300941","folds of honor.mp4","NULL","NULL","NULL","0"
"1081","191970113316","free bird.mp4","NULL","NULL","NULL","0"
"1082","8143270195112","free ride.mp4","NULL","NULL","NULL","0"
"1083","8052531543916","future warrior.mp4","NULL","NULL","NULL","0"
"1084","027736030026","gator hunter.mp4","NULL","NULL","NULL","0"
"1085","191970116515","golden fury.mp4","NULL","NULL","NULL","0"
"1086","8052531514718","gorilla warfare.mp4","NULL","NULL","NULL","0"
"1087","8052531321118","grave digger.mp4","NULL","NULL","NULL","0"
"1088","8052531530817","greeen.mp4","NULL","NULL","NULL","0"
"1089","027736044283","heavy steel.mp4","NULL","NULL","NULL","0"
"1090","027736030217","here and now.mp4","NULL","NULL","NULL","0"
"1091","027736031399","here we go.mp4","NULL","NULL","NULL","0"
"1092","8052531530619","high def.mp4","NULL","NULL","NULL","0"
"1093","687985245710","high falutin.mp4","NULL","NULL","NULL","0"
"1094","687985245819","hit the road jack.mp4","NULL","NULL","NULL","0"
"1095","805253330412","honor and glory.mp4","NULL","NULL","NULL","0"
"1096","805253310513","honor and respect.mp4","NULL","NULL","NULL","0"
"1097","191970111312","horsepower.mp4","NULL","NULL","NULL","0"
"1098","715244064328","hot mama.mp4","NULL","NULL","NULL","0"
"1099","191970120215","hyped.mp4","NULL","NULL","NULL","0"
"1100","805253311213","inferno punch.mp4","NULL","NULL","NULL","0"
"1101","8052531540113","inked.mp4","NULL","NULL","NULL","0"
"1102","592211428975","iron dome.mp4","NULL","NULL","NULL","0"
"1103","805253300170","its go time.mp4","NULL","NULL","NULL","0"
"1104","027736032860","jealous neighbor.mp4","NULL","NULL","NULL","0"
"1105","027736030224","justified.mp4","NULL","NULL","NULL","0"
"1106","8052531546511","kill bill.mp4","NULL","NULL","NULL","0"
"1107","805253330610","king of pirates.mp4","NULL","NULL","NULL","0"
"1108","027736033621","large and in charge.mp4","NULL","NULL","NULL","0"
"1109","807880268413","let freedom ring.mp4","NULL","NULL","NULL","0"
"1110","805253354418","leviathan.mp4","NULL","NULL","NULL","0"
"1111","715244064441","livin.mp4","NULL","NULL","NULL","0"
"1112","982749103070","livin the dream.mp4","NULL","NULL","NULL","0"
"1113","8107880268512","loaded gun.mp4","NULL","NULL","NULL","0"
"1114","027736019748","lost loot.mp4","NULL","NULL","NULL","0"
"1115","8052531538912","loud and proud.mp4","NULL","NULL","NULL","0"
"1116","805253131064","loyal to none.mp4","NULL","NULL","NULL","0"
"1117","652009117007","mad doctor.mp4","NULL","NULL","NULL","0"
"1118","805253300194","magic.mp4","NULL","NULL","NULL","0"
"1119","805253365513","marine life.mp4","NULL","NULL","NULL","0"
"1120","807880268918","men of steel.mp4","NULL","NULL","NULL","0"
"1121","8052531508113","midnight sunburn.mp4","NULL","NULL","NULL","0"
"1122","8052531512516","migraine.mp4","NULL","NULL","NULL","0"
"1123","8052531517313","military tank.mp4","NULL","NULL","NULL","0"
"1124","805253320116","mobsters.mp4","NULL","NULL","NULL","0"
"1125","805253390713","mr reaper.mp4","NULL","NULL","NULL","0"
"1126","474568245443","neon demon.mp4","NULL","NULL","NULL","0"
"1127","027736030231","no escape.mp4","NULL","NULL","NULL","0"
"1128","027736040926","no excuse.mp4","NULL","NULL","NULL","0"
"1129","8052531322313","not in my yard.mp4","NULL","NULL","NULL","0"
"1130","027736042357","nuclear reactor.mp4","NULL","NULL","NULL","0"
"1131","805253336117","nuclear winter.mp4","NULL","NULL","NULL","0"
"1132","8052531503712","one bad mother in law.mp4","NULL","NULL","NULL","0"
"1133","8052531318514","one bad mother.mp4","NULL","NULL","NULL","0"
"1134","8107880271512","outlaw trucker.mp4","NULL","NULL","NULL","0"
"1135","80525331271","pain and gain.mp4","NULL","NULL","NULL","0"
"1136","8052531542216","panda tai.mp4","NULL","NULL","NULL","0"
"1137","687985298518","parrots prattle.mp4","NULL","NULL","NULL","0"
"1138","8052531503811","peacock.mp4","NULL","NULL","NULL","0"
"1139","8052531539018","pigskin.mp4","NULL","NULL","NULL","0"
"1140","027736036400","pink hero.mp4","NULL","NULL","NULL","0"
"1141","715244063789","pink.mp4","NULL","NULL","NULL","0"
"1142","8143270167119","pirates code.mp4","NULL","NULL","NULL","0"
"1143","805253311312","polar attack.mp4","NULL","NULL","NULL","0"
"1144","8107880274810","polar divide.mp4","NULL","NULL","NULL","0"
"1145","805253310810","pride in the water.mp4","NULL","NULL","NULL","0"
"1146","8052531516712","proud.mp4","NULL","NULL","NULL","0"
"1147","191970115218","Psychedelic Jellyfish.mp4","NULL","NULL","NULL","0"
"1148","805253364615","puppy readers.mp4","NULL","NULL","NULL","0"
"1149","027736040063","purple people eaters revenge.mp4","NULL","NULL","NULL","0"
"1150","191970101214","pyro gal.mp4","NULL","NULL","NULL","0"
"1151","8352531520413","pyro panther.mp4","NULL","NULL","NULL","0"
"1152","220472714684","Pyro Tsunami.mp4","NULL","NULL","NULL","0"
"1153","027736044313","rainbow.mp4","NULL","NULL","NULL","0"
"1154","027736044290","red devil.mp4","NULL","NULL","NULL","0"
"1155","8052531318613","red white and blue forever.mp4","NULL","NULL","NULL","0"
"1156","191970116416","reel catch.mp4","NULL","NULL","NULL","0"
"1157","805253301795","reign supreme.mp4","NULL","NULL","NULL","0"
"1158","851866079736","rip rock roll.mp4","NULL","NULL","NULL","0"
"1159","805253302914","sacrifice.mp4","NULL","NULL","NULL","0"
"1160","027736011636","salute to america.mp4","NULL","NULL","NULL","0"
"1161","687985297917","saturday night special.mp4","NULL","NULL","NULL","0"
"1162","8052531545415","say what.mp4","NULL","NULL","NULL","0"
"1163","8052531533016","sea to shining sea.mp4","NULL","NULL","NULL","0"
"1164","807880275718","second amendment.mp4","NULL","NULL","NULL","0"
"1165","805253300392","secret agent.mp4","NULL","NULL","NULL","0"
"1166","8052531507314","sexy rider.mp4","NULL","NULL","NULL","0"
"1167","805253312616","sharp shooter.mp4","NULL","NULL","NULL","0"
"1168","715244064182","silver palms.mp4","NULL","NULL","NULL","0"
"1169","805253301788","sky fall.mp4","NULL","NULL","NULL","0"
"1170","191970101511","sky shooter.mp4","NULL","NULL","NULL","0"
"1171","8052531514916","smokin hot.mp4","NULL","NULL","NULL","0"
"1172","8052531544517","snake charmer.mp4","NULL","NULL","NULL","0"
"1173","652009004123","spider bite.mp4","NULL","NULL","NULL","0"
"1174","652009003539","step mutha.mp4","NULL","NULL","NULL","0"
"1175","027736032686","swamp dawg.mp4","NULL","NULL","NULL","0"
"1176","805253300354","tank girl.mp4","NULL","NULL","NULL","0"
"1177","805253336216","targeted.mp4","NULL","NULL","NULL","0"
"1178","652009004147","the blues.mp4","NULL","NULL","NULL","0"
"1179","027736044207","the last dance.mp4","NULL","NULL","NULL","0"
"1180","027736011384","the nite theatre.mp4","NULL","NULL","NULL","0"
"1181","191970115518","the protector.mp4","NULL","NULL","NULL","0"
"1182","805253312814","thin blue line.mp4","NULL","NULL","NULL","0"
"1183","027736033492","time machine.mp4","NULL","NULL","NULL","0"
"1184","805253316317","tongue tied.mp4","NULL","NULL","NULL","0"
"1185","8143270168413","topping out.mp4","NULL","NULL","NULL","0"
"1186","805253365414","toxic.mp4","NULL","NULL","NULL","0"
"1187","8052531540212","trigger happy.mp4","NULL","NULL","NULL","0"
"1189","8052531504016","truckin home.mp4","NULL","NULL","NULL","0"
"1190","805253300330","true art.mp4","NULL","NULL","NULL","0"
"1191","8143270162619","true rebel.mp4","NULL","NULL","NULL","0"
"1192","652009004109","tweaked out.mp4","NULL","NULL","NULL","0"
"1193","8052531530312","unfair advantage.mp4","NULL","NULL","NULL","0"
"1194","805253300439","united states.mp4","NULL","NULL","NULL","0"
"1195","805253350816","united states of america.mp4","NULL","NULL","NULL","0"
"1196","805253330818","usa pride.mp4","NULL","NULL","NULL","0"
"1197","805253364912","utterly in love.mp4","NULL","NULL","NULL","0"
"1198","8143270164217","vacation destination.mp4","NULL","NULL","NULL","0"
"1199","191970101818","walk the line.mp4","NULL","NULL","NULL","0"
"1200","027736026517","war chest.mp4","NULL","NULL","NULL","0"
"1201","027736042326","warriors tale.mp4","NULL","NULL","NULL","0"
"1202","027736026500","whirlwind.mp4","NULL","NULL","NULL","0"
"1203","8143270173714","white stag.mp4","NULL","NULL","NULL","0"
"1204","8052531322412","wido maker.mp4","NULL","NULL","NULL","0"
"1205","027736031740","you da man.mp4","NULL","NULL","NULL","0"
"1206","805253375291","zippity do dah.mp4","NULL","NULL","NULL","0"
"1207","805253301764","zombie.mp4","NULL","NULL","2024-10-30 18:16:21","1"
"1208",851866116431,"120 second showcase.mp4 ","NULL","NULL","NULL","1"
"1209",851866105169,"3 minute time bomb.mp4  ","NULL","NULL","NULL","1"
"1210",705108557400,"4k hd.mp4                ","NULL","NULL","NULL","1"
"1211",705108803262,"agent of boom.mp4        ","NULL","NULL","NULL","1"
"1212",705108557806,"b-2 bomber.mp4           ","NULL","NULL","NULL","1"
"1213",705108803866,"broadcast frequency.mp4  ","NULL","NULL","NULL","1"
"1214",705108555802,"bullet blossom.mp4       ","NULL","NULL","NULL","1"
"1215",705108558605,"colonel popper.mp4       ","NULL","NULL","NULL","1"
"1216",851866105220,"da vinci.mp4              ","NULL","NULL","NULL","1"
"1217",705108568508,"dream catcher.mp4        ","NULL","NULL","NULL","1"
"1218",851866125211,"eagle.mp4                 ","NULL","NULL","NULL","1"
"1219",705108558407,"fire ninja.mp4           ","NULL","NULL","NULL","1"
"1220",8107880276210,"fire of battle.mp4       ","NULL","NULL","NULL","1"
"1221",191970122011,"forged of fire.mp4        ","NULL","NULL","NULL","1"
"1222",705108547111,"hawaii dream.mp4                ","NULL","NULL","NULL","1"
"1223",705108556007,"insurgent uprising.mp4         ","NULL","NULL","NULL","1"
"1224",705108556908,"king cake.mp4                  ","NULL","NULL","NULL","1"
"1225",705108558704,"mafia boss.mp4                 ","NULL","NULL","NULL","1"
"1226",851866017325,"mammoth sun ring.mp4           ","NULL","NULL","NULL","1"
"1227",705108549405,"mother of all bombs.mp4        ","NULL","NULL","NULL","1"
"1228",8107880273912,"outlaw bullets.mp4            ","NULL","NULL","NULL","1"
"1229",851866105558,"oxrageous.mp4                    ","NULL","NULL","NULL","1"
"1230",705108555406,"party like its 1776.mp4        ","NULL","NULL","NULL","1"
"1231",705108955855,"party pyro pack.mp4            ","NULL","NULL","NULL","1"
"1232",851866112563,"power series america.mp4      ","NULL","NULL","NULL","1"
"1233",851866090458,"pro ox 2 minute show cake.mp4","NULL","NULL","NULL","1"
"1234",705108804764,"road rage.mp4","NULL","NULL","NULL","1"
"1235",705108801169,"rounders.mp4","NULL","NULL","NULL","1"
"1236",705108558803,"screw loose.mp4","NULL","NULL","NULL","1"
"1237",705108803767,"send it to the max.mp4","NULL","NULL","NULL","1"
"1238",851866082552,"stampede.mp4","NULL","NULL","NULL","1"
"1239",705108553204,"ta dah.mp4","NULL","NULL","NULL","1"
"1240",705108551903,"the 8th wonder.mp4","NULL","NULL","NULL","1"
"1241",705108804665,"the jack hammer.mp4","NULL","NULL","NULL","1"
"1242",705108558902,"vip.mp4","NULL","NULL","NULL","1"
"1243",705108802760,"who runs the world.mp4","NULL","NULL","NULL","1"
"1244",705108550401,"wings of fire.mp4","NULL","NULL","NULL","1"
"1245",705108801862,"wolf warrior.mp4","NULL","NULL","NULL","1"
