filename,row_count
"120 second showcase.mp4",2
"3 minute time bomb.mp4",2
"4k hd.mp4",2
"agent of boom.mp4",2
"b-2 bomber.mp4",2
"broadcast frequency.mp4",2
"bullet blossom.mp4",2
"colonel popper.mp4",2
"da vinci.mp4",2
"dream catcher.mp4",2
eagle.mp4,2
"fire ninja.mp4",2
"fire of battle.mp4",2
"forged of fire.mp4",2
"hawaii dream.mp4",2
"insurgent uprising.mp4",2
"king cake.mp4",2
"mafia boss.mp4",2
"mammoth sun ring.mp4",2
"mother of all bombs.mp4",2
oxrageous.mp4,2
"party like its 1776.mp4",2
"party pyro pack.mp4",2
"power series america.mp4",2
