id,barcode,filename,is_favorite_before
1597,02736012183,zombies.mp4,0
1596,705108547005,yinyang.mp4,0
1595,191970113811,warriorsrealm.mp4,0
1594,514677302188,wafflecone.mp4,0
1593,705108534500,usaconqueror.mp4,0
1592,191970131716,tuffandfluffy.mp4,0
1591,705108956005,trumptrain.mp4,0
1590,851866136514,trumptastic.mp4,0
1589,805253154025,triggerhappy.mp4,0
1588,705108561100,titanstrong.mp4,0
1587,705108602902,themartian.mp4,0
1586,705108955978,spaceexplorer.mp4,0
1585,851866112631,slimeblaster.mp4,0
1584,705108559206,shakennotstirred.mp4,0
1583,705108533107,roadroamerica.mp4,0
1582,705108554201,pyrotsumami.mp4,0
1581,191970111817,pullings.mp4,0
1580,705108560707,poppinpineapple.mp4,0
1579,705108321407,poopypuppy.mp4,0
1578,705108602704,oceantheatre.mp4,0
1577,705108557202,neonmoon.mp4,0
1576,705108550210,makeamericangreatagain.mp4,0
1575,191970115013,loyaltoall.mp4,0
1574,851866127697,huskerdos.mp4,0
1573,851866127680,huskerdonts.mp4,0
1572,191970116713,hiphop.mp4,0
1571,705108321346,handheldsnowcone.mp4,0
1570,705108560103,ghostfleet.mp4,0
1569,705108552504,genderreveal.mp4,0
1568,705108559008,garageband.mp4,0
