Barcode,Product,Name,,Barcode,Product,Name
027736021116,,Ferris Wheel,,705108502066,,Pyro Mon
805253354616,,Dragon,,705108321506,,Grand Cannon
8143270147111,,Bursting Bouquet,,705108502363,,Wood Pecker
811451015150,,Dragon Fire,,705108321902,,Hoot Hoot Horay
514677002163,,Unicorn,,851866112631,,Slime Blaster
705108321407,,Poopy Puppy,,705108501564,,Fire Lolipop
8052531137719,,Frog Prince,,,,
851866134732,,Giggles,,705108320745,,Expresso Coffee
705108322503,,Rainbow Cupcake,,191970116713,,Hip Hop
,,,,514677002002,,Ft. Dew
027736036431,,Monster Parade,,705108306602,,Bursting Boquet
027736012183,,Zombies,,514677302188,,Waffle Cone
191970131716,,Tuff & Fluffy,,705108309726,,Snow Cone Jr
027736007837,,Crickets,,705108321346,,Hand Held Snowcone
,,,,,,
705108308507,,Ballerina Ball,,705108602902,,The Martian
027736027651,,Jumbo Purple Rain,,705108602704,,Ocean Theatre
8107880228516,,Daddy's Shoes,,705108309009,,Koi Pond
,,,,851866136392,,Diva Lamp
,,,,705108311200,,180 Degrees
,,,,705108321803,,Dragon Throne
,,,,805253406513,,Step On The Gas
,,,,705108309306,,Light House
,,,,705108308804,,Snow Cone
