Barcode,Product Name
705108556809,Operation Hang Time
705108560103,Ghost Fleet
705108560707,Poppih Pineapple
705108561100,Titan Strong
705108802661,Pool Party
705108802968,V Day
805253154025,Trigger Happy
851866127680,Husker Don'ts
851866127697,Husker Do's
191970111114,Show of Force
191970119110,Dude
705108543403,Angry Pandas
705108545216,Neon Blast
705108547203,Color Cascade
705108554201,Pyro Tusmnani
705108557707,To The Moon
705108558100,Fish Tank
705108560301,Country Roots
705108560806,Bulldog Bash
705108804160,Traffic Jam
8107880273219,Cheers
705108551507,Zero To Hero
705108552702,Man Cave
705108554409,Sprinkle Donuts
705108555901,Double Scoop
705108556601,Ticket To Ride
705108557202,Neon Moon
705108560509,Big Mama
705108561001,Fierce Royalty
705108804962,Porcupine Planet
851866136514,Trumptastic
8107880271116,Masquerade
8107880275718,2nd Amendment
705108538508,Dreamcatcher
705108548217,Rainbow
705108550210,Make American Great Again
705108552504,Gender Reveal
705108555505,Party Bus
705108559008,Garage Band
705108560202,Dripping Donut
705108531707,Amazing Ballet
705108534500,USA Conqueror
705108555703,Chameleon 500
705108557301,Report To Duty
705108557905,Hammer Down
705108559206,Shaken Not Stirred
705108955893,VIP
705108955930,Bubble Gatling
705108955978,Space Explorer
705108955992,Born Leaders
705108956005,Trump Train
8143270162114,Fire Over Water
