barcode,product_name,scan_count,first_seen,last_seen,sample_raw_barcode
705108560103,,2,2026-05-25T20:03:58+00:00,2026-05-25T21:07:04+00:00,705108560103
705108802968,"V Day",2,2026-05-25T19:55:31+00:00,2026-05-25T20:21:40+00:00,705108802968
805253154025,"Trigger Happy",2,2026-05-25T19:55:26+00:00,2026-05-25T20:21:57+00:00,805253154025
0115113761484117,,2,2026-05-25T20:04:26+00:00,2026-05-25T21:14:32+00:00,0115113761484117
321588,,1,2026-05-25T20:37:24+00:00,2026-05-25T20:37:24+00:00,321588
547066,,1,2026-05-25T20:35:18+00:00,2026-05-25T20:35:18+00:00,547066
191970110711,,1,2026-05-25T22:33:36+00:00,2026-05-25T22:33:36+00:00,191970110711
191970110810,"For Our Flag",1,2026-05-25T22:33:17+00:00,2026-05-25T22:33:17+00:00,191970110810
191970111114,,1,2026-05-25T20:06:22+00:00,2026-05-25T20:06:22+00:00,191970111114
191970113613,"Doomsday Machine",1,2026-05-26T00:06:01+00:00,2026-05-26T00:06:01+00:00,191970113613
191970114719,,1,2026-05-25T22:32:33+00:00,2026-05-25T22:32:33+00:00,191970114719
191970116218,,1,2026-05-26T00:05:32+00:00,2026-05-26T00:05:32+00:00,191970116218
191970119110,Dude,1,2026-05-25T20:06:18+00:00,2026-05-25T20:06:18+00:00,191970119110
191970128310,"Back Street Diva",1,2026-05-26T00:06:32+00:00,2026-05-26T00:06:32+00:00,191970128310
705108501007,,1,2026-05-25T22:33:27+00:00,2026-05-25T22:33:27+00:00,705108501007
705108515301,"Winter Ballistic",1,2026-05-25T22:32:59+00:00,2026-05-25T22:32:59+00:00,705108515301
705108531707,,1,2026-05-25T20:37:40+00:00,2026-05-25T20:37:40+00:00,705108531707
705108533107,"Road to America",1,2026-05-26T00:06:21+00:00,2026-05-26T00:06:21+00:00,705108533107
705108534500,,1,2026-05-25T20:37:43+00:00,2026-05-25T20:37:43+00:00,705108534500
705108538508,,1,2026-05-25T20:32:13+00:00,2026-05-25T20:32:13+00:00,705108538508
705108538805,"Addict to Loud",1,2026-05-26T00:05:41+00:00,2026-05-26T00:05:41+00:00,705108538805
705108539000,"Swamp Gator",1,2026-05-26T00:06:56+00:00,2026-05-26T00:06:56+00:00,705108539000
705108543403,,1,2026-05-25T20:10:07+00:00,2026-05-25T20:10:07+00:00,705108543403
705108545216,,1,2026-05-25T20:22:10+00:00,2026-05-25T20:22:10+00:00,705108545216
705108547005,"Yin Yang",1,2026-05-26T00:07:12+00:00,2026-05-26T00:07:12+00:00,705108547005
705108547203,,1,2026-05-25T20:06:59+00:00,2026-05-25T20:06:59+00:00,705108547203
705108548217,Rainbow,1,2026-05-25T20:31:39+00:00,2026-05-25T20:31:39+00:00,705108548217
705108548408,Pandaminoum,1,2026-05-26T00:05:16+00:00,2026-05-26T00:05:16+00:00,705108548408
705108550210,"Make American Great Again",1,2026-05-25T20:32:26+00:00,2026-05-25T20:32:26+00:00,705108550210
705108551002,,1,2026-05-26T00:05:46+00:00,2026-05-26T00:05:46+00:00,705108551002
705108551507,"Zero To Hero",1,2026-05-25T20:28:02+00:00,2026-05-25T20:28:02+00:00,705108551507
705108552504,,1,2026-05-25T20:32:17+00:00,2026-05-25T20:32:17+00:00,705108552504
705108552702,"Man Cave",1,2026-05-25T20:27:36+00:00,2026-05-25T20:27:36+00:00,705108552702
705108553600,"Disco Ball",1,2026-05-26T00:05:25+00:00,2026-05-26T00:05:25+00:00,705108553600
705108553808,,1,2026-05-26T00:07:17+00:00,2026-05-26T00:07:17+00:00,705108553808
705108554201,"Pyro Tusmnani",1,2026-05-25T20:23:21+00:00,2026-05-25T20:23:21+00:00,705108554201
705108554409,,1,2026-05-25T20:28:36+00:00,2026-05-25T20:28:36+00:00,705108554409
705108555505,"Party Bus",1,2026-05-25T20:33:06+00:00,2026-05-25T20:33:06+00:00,705108555505
705108555703,,1,2026-05-25T20:37:32+00:00,2026-05-25T20:37:32+00:00,705108555703
705108555901,"Double Scoop",1,2026-05-25T20:28:38+00:00,2026-05-25T20:28:38+00:00,705108555901
705108556601,"Ticket To Ride",1,2026-05-25T20:28:07+00:00,2026-05-25T20:28:07+00:00,705108556601
705108556809,"Operation Hang Time",1,2026-05-25T20:09:01+00:00,2026-05-25T20:09:01+00:00,705108556809
705108557202,,1,2026-05-25T20:28:49+00:00,2026-05-25T20:28:49+00:00,705108557202
705108557301,"Report To Duty",1,2026-05-25T20:37:48+00:00,2026-05-25T20:37:48+00:00,705108557301
705108557707,"To The Moon",1,2026-05-25T20:21:49+00:00,2026-05-25T20:21:49+00:00,705108557707
705108557905,,1,2026-05-25T20:36:50+00:00,2026-05-25T20:36:50+00:00,705108557905
705108558100,"Fish Tank",1,2026-05-25T20:22:48+00:00,2026-05-25T20:22:48+00:00,705108558100
705108559008,,1,2026-05-25T20:32:22+00:00,2026-05-25T20:32:22+00:00,705108559008
705108559206,,1,2026-05-25T20:35:23+00:00,2026-05-25T20:35:23+00:00,705108559206
705108560202,,1,2026-05-25T20:32:00+00:00,2026-05-25T20:32:00+00:00,705108560202
705108560301,,1,2026-05-25T20:22:45+00:00,2026-05-25T20:22:45+00:00,705108560301
705108560509,,1,2026-05-25T20:28:32+00:00,2026-05-25T20:28:32+00:00,705108560509
705108560707,,1,2026-05-25T20:06:43+00:00,2026-05-25T20:06:43+00:00,705108560707
705108560806,,1,2026-05-25T20:22:58+00:00,2026-05-25T20:22:58+00:00,705108560806
705108561001,,1,2026-05-25T20:28:34+00:00,2026-05-25T20:28:34+00:00,705108561001
705108561100,,1,2026-05-25T20:06:35+00:00,2026-05-25T20:06:35+00:00,705108561100
705108561407,,1,2026-05-26T00:05:13+00:00,2026-05-26T00:05:13+00:00,705108561407
705108802661,,1,2026-05-25T20:04:01+00:00,2026-05-25T20:04:01+00:00,705108802661
705108804160,,1,2026-05-25T20:22:31+00:00,2026-05-25T20:22:31+00:00,705108804160
705108804962,,1,2026-05-25T20:27:45+00:00,2026-05-25T20:27:45+00:00,705108804962
705108955893,,1,2026-05-25T20:35:41+00:00,2026-05-25T20:35:41+00:00,705108955893
705108955930,,1,2026-05-25T20:36:20+00:00,2026-05-25T20:36:20+00:00,705108955930
705108955978,,1,2026-05-25T20:37:29+00:00,2026-05-25T20:37:29+00:00,705108955978
705108955992,,1,2026-05-25T20:36:40+00:00,2026-05-25T20:36:40+00:00,705108955992
705108956005,,1,2026-05-25T20:37:26+00:00,2026-05-25T20:37:26+00:00,705108956005
715244064472,,1,2026-05-25T22:33:06+00:00,2026-05-25T22:33:06+00:00,715244064472
851866127680,,1,2026-05-25T20:04:09+00:00,2026-05-25T20:04:09+00:00,851866127680
851866127697,,1,2026-05-25T20:04:06+00:00,2026-05-25T20:04:06+00:00,851866127697
851866136514,,1,2026-05-25T20:27:58+00:00,2026-05-25T20:27:58+00:00,851866136514
8052530130414,,1,2026-05-25T22:33:51+00:00,2026-05-25T22:33:51+00:00,8052530130414
8052530133415,,1,2026-05-25T22:33:40+00:00,2026-05-25T22:33:40+00:00,8052530133415
8107880271116,Masquerade,1,2026-05-25T20:27:31+00:00,2026-05-25T20:27:31+00:00,8107880271116
8107880273219,Cheers,1,2026-05-25T20:23:33+00:00,2026-05-25T20:23:33+00:00,8107880273219
8107880275718,"2nd Amendment",1,2026-05-25T20:29:09+00:00,2026-05-25T20:29:09+00:00,8107880275718
8143270156618,,1,2026-05-25T22:33:44+00:00,2026-05-25T22:33:44+00:00,8143270156618
8143270156717,,1,2026-05-25T22:33:11+00:00,2026-05-25T22:33:11+00:00,8143270156717
8143270162114,,1,2026-05-25T20:35:30+00:00,2026-05-25T20:35:30+00:00,8143270162114
0110676213442899,,1,2026-05-25T20:03:53+00:00,2026-05-25T20:03:53+00:00,0110676213442899
Z,,1,2026-05-25T21:17:05+00:00,2026-05-25T21:17:05+00:00,z
