product_name,primary_barcode,secondary_barcode,status,matched_db_barcode,matched_filename
"25 Gun Salute",,,possible_name_match,25Gunsalute,25Gunsalute.mp4
"2nd Amendment",8107880275718,,missing,,
"Addict to Loud",705108538805,,missing,,
"Back Street Diva",191970128310,705108512218,possible_name_match,BackstreetDiva,BackstreetDiva.mp4
"Batter Up-Fix",8143270160813,,matched_primary_barcode,8143270160813,"batter up.mp4"
"Beach Nut",8107880250517,,possible_name_match,BeachNut,BeachNut.mp4
"Beach Vibes",705108601462,,possible_name_match,BeachVibes,BeachVibes.mp4
"Booty Chaser",191970114917,,possible_name_match,BootyChaser,BootyChaser.mp4
"Boy Reveal 500g",705108550609,,missing,,
"Carlonia Reaper",705108556700,,matched_primary_barcode,705108556700,CarolinaReaper.mp4
"Chactoic Incident",705108555307,,missing,,
Cheers,8107880273219,,possible_name_match,Cheers,Cheers.mp4
"Cosmic Titan",191970116317,,possible_name_match,CosmicTitan,CosmicTitan.mp4
"Crazy Exciting on Steroids",8052531317715,,possible_name_match,8052531503910,"crazy exciting on steroids.mp4"
"Desert at Night",8143270150913,,possible_name_match,DesertAtNight,DesertAtNight.mp4
"Disco Ball",705108553600,,possible_name_match,DiscoBall,DiscoBall.mp4
"Doomsday Machine",191970113613,,missing,,
"Double Scoop",705108555901,,possible_name_match,DoubleScoop,DoubleScoop.mp4
Dude,191970119110,,missing,,
"eye Candy",8143270157011,,possible_name_match,EyeCandy,EyeCandy.mp4
F1-Outlaw,191970111619,,possible_name_match,F1Outlaw,F1Outlaw.mp4
"Fish Tank",705108558100,,possible_name_match,FishTank,FishTank.mp4
Flabbergster,705108518708,,missing,,
"For Our Flag",191970110810,,missing,,
"Girl Reveal 500g",705108550708,,missing,,
"In Honor of",8052531338918,,missing,,
"Killer Cake",,,possible_name_match,KillerCake,KillerCake.mp4
"Loyal To All",191970115013,,missing,,
"Make American Great Again",705108550210,,missing,,
"Man Cave",705108552702,,possible_name_match,ManCave,ManCave.mp4
Masquerade,8107880271116,,possible_name_match,Masquerade,Masquerade.mp4
Meow,027736033485,,possible_name_match,Meow,Meow.mp4
"Neon Streak",191970115716,,possible_name_match,NeonStreak,NeonStreak.mp4
"Operation Hang Time",705108556809,,possible_name_match,OperationHangTime,OperationHangTime.mp4
"Our Baby Reveal",191970108312,,possible_name_match,OurBabyReveal,OurBabyReveal.mp4
Pandaminoum,705108548408,,missing,,
"Party Bus",705108555505,,possible_name_match,PartyBus,PartyBus.mp4
"Pit Bull",outspoken1@firuman.com,,possible_name_match,PitBull,PitBull.mp4
Poser,805253390119,,possible_name_match,Poser,Poser.mp4
"Pulling g's",191970111817,,missing,,
"Purple People Eater",027736010301,,possible_name_match,PurplePeopleEater,PurplePeopleEater.mp4
"Pyro Gal-Fix",,,missing,,
"Pyro Tusmnani",705108554201,,missing,,
Rainbow,705108548217,,possible_name_match,027736044313,rainbow.mp4
"Red Palm",027736042784,,possible_name_match,RedPalm,RedPalm.mp4
"Report To Duty",705108557301,,possible_name_match,ReportToDuty,ReportToDuty.mp4
"Road Rage",705108804764,,matched_primary_barcode,705108804764,"road rage.mp4"
"Road Show",191970101610,,possible_name_match,RoadShow,RoadShow.mp4
"Road to America",705108533107,,possible_name_match,RoadToAmerica,RoadToAmerica.mp4
"Rowdy Party",705108515905,,possible_name_match,RowdyParty,RowdyParty.mp4
Salute,,,missing,,
"Search and Destroy",191970102013,,possible_name_match,SearchAndDestroy,SearchAndDestroy.mp4
"Side Arm Showdown",8107880271017,,possible_name_match,SidearmShowdown,SidearmShowdown.mp4
"Sky Smoker",705108521005,,missing,,
"Sling Shot",191970111718,,possible_name_match,SlingShot,SlingShot.mp4
"Sniper Fire",027736035816,,possible_name_match,Sniperfire,Sniperfire.mp4
"Sorcerer Stone",191970125418,,missing,,
"Swamp Gator",705108539000,,possible_name_match,SwampGator,SwampGator.mp4
"Temple of Gods",705108554508,,possible_name_match,TempleOfGods,TempleOfGods.mp4
"Ticket To Ride",705108556601,,possible_name_match,TicketToRide,TicketToRide.mp4
"To The Moon",705108557707,,possible_name_match,ToTheMoon,ToTheMoon.mp4
"Trigger Happy",805253154025,,possible_name_match,8052531540212,"trigger happy.mp4"
"Urban Jedi",191970110919,,possible_name_match,UrbanJedi,UrbanJedi.mp4
"V Day",705108802968,,possible_name_match,Vday,Vday.mp4
"VIP 180",,,possible_name_match,vip180,vip180.mp4
"Warrior's Releam",191970113811,,missing,,
"Winter Ballistic",705108515301,,possible_name_match,WinterBallistic,WinterBallistic.mp4
"Yin Yang",705108547005,,possible_name_match,"Yin Yang","Yin Yang.mp4"
"Zero To Hero",705108551507,,possible_name_match,ZeroToHero,ZeroToHero.mp4
